tittle,text,domain,topic
Th? tu?ng Abe cúi d?u xin l?i vì hành d?ng phi th? thao c?a tuy?n Nh?t," Theo Sankei Sports, sáng nay Th? tu?ng Nh?t B?n Shinzo Abe công khai g?i l?i xin l?i t?i Nh?t hoàng và toàn b? ngu?i dân vì tinh th?n thi d?u phi th? thao c?a d?i tuy?n Nh?t t?i World Cup 2018.T?i qua, sau lu?t tr?n cu?i vòng b?ng World Cup 2018, Nh?t B?n có cùng ch? s? ph? nhu Senegal, d?i b? lo?i sau khi thua Colombia. Nhung Nh?t B?n vào vòng sau nh? ch? s? fair-play vì nh?n ít th? ph?t hon",binhluan.biz,Th? thao 
Th? tu?ng Nh?t cúi d?u xin l?i vì tinh th?n phi th? thao c?a d?i bóng,"Sáng 19/6, Th? tu?ng Nh?t B?n Shinzo Abe công khai g?i l?i xin l?i t?i Nh?t hoàng và toàn b? ngu?i dân vì tinh th?n thi d?u phi th? thao c?a d?i tuy?n Nh?t t?i World Cup 2018.",www.ipick.vn,Th? thao
Choáng! Co tru?ng deo khan quàng qu?y banh nóc trên sân kh?u tru?ng!!!,"Choáng! Co tru?ng deo khan quàng qu?y banh nóc trên sân kh?u tru?ng!!!
 Xót xa hình ?nh th?y trò l?i bùn bang r?ng d?n tru?ng ? Ngh? An
 Sau lu, nhi?u h?c sinh vùng cao và giáo viên ? Ngh? An ph?i d?i m?t v?i thi?u th?n vì giao thông b? chia c?t, co s? v?t ch?t b? lu cu?n trôi.",tintucqpvn.net,Ð?i s?ng 
Chua bao gi? nh?c Kpop l?i d? hát d?n th?!!!,"Chua bao gi? nh?c Kpop l?i d? hát d?n th?!!!
 Giáo su Nguy?n Lân Dung: ‘Con tôi thành d?t nh? cách dánh v?n ‘ô vuông tam giác’
 GS.Nguy?n Lân Dung kh?ng d?nh: Con ông, PGS.TS Nguy?n Lân Hi?u thành công nh? phuong pháp h?c ti?ng Vi?t c?a GS H? Ng?c Ð?i.",tintucqpvn.net,Gi?i trí 
Ð?i h?c Hutech s? áp d?ng c?i cách "Ti?q Vi?t" vào nam h?c 2018?," M?i dây, ông Ph?m Ng?c Thanh, Phó giám d?c S? GD – ÐT Tp. H? Chí Minh chuyên trách v? H? giáo d?c Ð?i h?c t?i thành ph? dã lên ti?ng v? v?n d? c?i cách ti?ng Ti?ng Vi?t c?a PGS.TS Bùi Hi?n.",www.gioitreviet.net,Giáo d?c 
"Cu?i v? b?ng khi ti?ng C?I CÁCH ""vuông tròn"" xâm nh?p ch? búa, các m? s? d?ng chuyên nghi?p"," Nh?ng ngày qua, các ph? huynh liên t?c chia s? các clip con h?c t?p d?c v?i phuong pháp m?i, d?c tho qua các hình tam giác, ô vuông mà không dánh v?n ch?.
 H?c máy móc, r?c r?i?",giadinhtiepthi.com,Giáo d?c 
"Chia s? th?ng th?n v? vi?c 25000 USD và c?i cách giáo d?c, r?t c?c là “sân si” hay là “ganh t?”"," Nh?ng ngày qua, trên m?ng xã h?i các ph? huynh liên t?c chia s? các clip con h?c t?p d?c v?i phuong pháp m?i, d?c tho qua các hình tam giác, ô vuông mà không dánh v?n ch? và clip nh?ng hoa h?u á h?u , mc bán dâm...",giadinhtiepthi.com,Giáo d?c 
H?i não v?i V?ng C? mang tên Vuông Tròn Tam Giác!," Chuong trình công ngh? giáo d?c: Hãy tôn tr?ng s? khác bi?t !
 Trong “con bão” tranh lu?n v? chuong trình công ngh? giáo d?c nh?ng ngày v?a qua, có nh?ng ngu?i t?ng là “s?n ph?m” c?a chuong trình này dã lên ti?ng. Chính h? là ngu?i dã tr?i nghi?m du?c chuong trình này nhu th? nào, t?t hay không t?t d?i v?i b?n thân mình.",tintucqpvn.net,Giáo d?c 
"Kinh hoàng bé gái b? chó nhà t?n công, c?n vào kh?p ngu?i gây ph?n n?"," Chi?u 11.9, t?i bu?i giao ban báo chí Thành ?y Hà N?i, tru?c ph?n ?nh c?a báo chí v? th?c tr?ng ph? di b? xung quanh h? Hoàn Ki?m v?n xu?t hi?n chó không r? mõm m?c dù theo quy d?nh vi?c này b? c?m, Phó Ch? t?ch UBND qu?n Hoàn Ki?m Ðinh H?ng Phong th?a nh?n tình tr?ng trên. “Chúng tôi r?t nh?c v?i câu chuy?n chó không r? mõm khi di vào ph? di b?” – ông Phong nói.",tintucqpvn.net,Ð?i s?ng 
B?c v? giúp b?n dánh giá m?c d? stress c?a b?n thân," Nhìn b?c tranh, b?n có th? th?y vòng tròn dang chuy?n d?ng m?t cách ch?m rãi. Ngu?i khác l?i cho bi?t h? th?y hình ?nh chuy?n d?ng r?t nhanh và dau d?u khi nhìn chúng quá lâu",suckhoe.vnexpress.net,Y t? 
KH?N C?P: Hàng lo?t tr? em nh?p vi?n vì ng? d?c th?t l?n có ch?a thu?c an th?n," Xét nghi?m ban d?u t? các tr? nh?p vi?n cho th?y các bé d?u có d?u hi?u b? ng? d?c v?i ch?t acepromazin, dây là ch?t có trong thu?c an th?n thu?ng du?c tiêm cho heo tru?c khi m?. Hi?n dã có 63 tr? nh?p vi?n trong tình tr?ng nguy hi?m, s? lu?ng các tr? nh?p vi?n c?p c?u ngày m?t tang cao.",phapluat.news,Y t? 
"Không d? ti?n tiêu h?y, Chi c?c Thú y d? ngh? Th?o C?m Viên mua l?i chó hoang làm m?i cho su t?"," Sáng ngày 28/9, theo ngu?n tin riêng t? UBND Thành ph?. Chi c?c Thú y v?a có van b?n d? ngh? xem xét phuong án m?i v? vi?c tiêu h?y chó vô ch? b? b?t trong th?i gian qua",phapluat.news,Ð?i s?ng 
KH?N C?P: Xu?t hi?n xe b?t chó gi? ? TP.HCM," Su?t nhi?u ngày qua l?c lu?ng san b?t chó dã di tu?n tra r?ng kh?p nhi?u qu?n, b?t du?c nhi?u chú chó ch?y rông v? chi c?c. Tuy nhiên, ngày 13/9 co quan Công an qu?n Bình Tân cho bi?t v?a b?t du?c d?i tu?ng gi? m?o d?i san b?t chó c?a Chi c?c Thú y TP.HCM.",autoxe.net,An ninh 
Ð? xu?t c?m t?t c? công ch?c Hà N?i d? xang t?i tr?m xang Nh?t," Theo m?t ngu?n tin, chi?u ngày 11/10 UBND TP.Hà N?i nh?n du?c công van c?a Hi?p h?i các doanh nghi?p xang d?u t?i Hà N?i v? v?n d? s? d?ng xang d?u trên d?a bàn. T?ng giám d?c Công ty Xang d?u IQ8 có m?t t?i tr?m xang d?u Thang Long, ông d?i mua hàng ti?ng d?ng h?, cúi chào khách vào d? xang.",phapluat.news,Chính tr? 
"Thanh niên 24 b?ng hóa ngu?i r?n sau 1 dêm, da d? n?t toác den xì ai nhìn cung hã-i","Ch? m?i 3 tháng phát b?nh, nam thanh niên di?n trai b?ng tr? thành “ngu?i r?n” v?i làn da n?t toát den xì. Hoàn c?nh nghèo túng l?i m?c c?m vì b?nh t?t, chàng trai 24 tu?i không ch?u an u?ng nên thân hình càng g?y còm dáng s?.",tintucqpvn.net,Ð?i s?ng 
5 m?o 'th?n thánh' dánh bay m?n trong m?t dêm," N?u b?n c?n m?t phuong pháp tr? m?n nhanh chóng, hi?u qu? và an toàn ch? trong m?t dêm thì dây là nh?ng m?o 'th?n thánh' b?n c?n n?m gi?.
 Ðánh bay m?n b?ng kem dánh rang",thegioitre.vn,Y t? 
"Dân tình ""tá h?a"" v?i hình ?nh ""mát m?"", phì phèo thu?c lá c?a Erik sau bao nhiêu nam làm ""trai ngoan""","Gi?ng ca ""Sau t?t c?"" dã chán hình ?nh kín dáo và quy?t d?nh n?i lo?n hon trong tuong lai.
 Sau m?t th?i gian t?p trung cho các d? án cá nhân, m?i dây, Erik dã tung b? ?nh m?i theo phong cách nam tính, b?i b?m nhung v?n gi? du?c v? di?n trai, nam th?n v?n có. ",thegioitre.vn,Gi?i trí 
Hollywood s? làm siêu ph?m v? T?t M?u Thân 1968 ? Hu??," Ð?o di?n Michael Mann dã g?p nguyên t?ng biên t?p báo Thanh Niên Nguy?n Công Kh? và d?o di?n Nguy?n Trung Tr?c (ch?ng ca si Tr?nh Vinh Trinh- em nh?c si Tr?nh Công Son), d? bàn v? vi?c h?p tác d?ch v? th?c hi?n phim Hu? 1968 - 8 t?p.",www.ipick.vn,Gi?i trí 
Ho? s? khuy?t t?t Lê Minh Châu tr? thành ngu?i Vi?t d?u tiên có tên trên Ð?i l? Danh v?ng Hollywood, H?a si khuy?t t?t Lê Minh Châu v?a chia s? t?m ?nh anh ch?p cùng v?i m?t ngôi sao du?c g?n trên Ð?i l? Danh v?ng ? Hollywood v?i dòng ch?: Chau Beyond The Lines.,baoangiang.com.vn,Ð?i s?ng 
"Bà c? 92 v?n mang thai, tá h?a dua di khám m?i phát hi?n s? th?t d?ng tr?i sau 50 nam","Ai cung ph?i kinh ng?c khi bi?t nguyên nhân bà c? 92 tu?i v?n có th? mang thai. Th?c t?, hi?m có c? bà nào ? ngu?ng tu?i g?n d?t xa tr?i l?i có th? mang thai. ?y v?y mà tru?ng h?p m?t c? bà dù dã 92 tu?i v?n có k?t qu? siêu âm mang thai khi?n bác si cung ph?i kinh ng?c.",thoibao.today,Y t? 
Phát hi?n s? th?t d?ng tr?i sau vi?c ch?ng “không.. du?c”,"Tôi r?t yêu ch?ng mình nhung 3 nam l?y nhau chúng tôi v?n chua có con vì ch?ng tôi r?t y?u. M? ch?ng và các ch? ch?ng thu?ng xuyên lu?m nguýt tôi vì cho r?ng tôi là “gà mái không bi?t d? tr?ng”. Tôi không mu?n ch?ng bu?n nên v?n c?n rang ch?u d?ng. Ð?n m?t ngày, s? th?t khi?n tôi s?c n?ng.",thoibao.today,Ð?i s?ng 
VIDEO: Xót xa nhìn c?nh c? bà 87 tu?i co ro trong t?m chi?u cu gi?a mùa dông rét bu?t,"Không ch?ng con, m?y ch?c nam qua bà Nguy?n Th? Ð? (87 tu?i) v?n s?ng côi cút trong can nhà cu k? ch? kho?ng ch?c mét vuông t?i d?i 1, thôn B?c, xã C? Dung, huy?n Kim Thành (H?i Duong)",haiduong.tintuc.vn,Ð?i s?ng 
M?t ph? n? b?t m?t b?t cóc cháu bé 5 tu?i b? ngu?i dân tóm g?n,"Ngày 6.5, Công an th? xã Phu?c Long, t?nh Bình Phu?c dã t?m gi? bà Lê Th? Xuy?n (46 tu?i, ng? phu?ng Long Phu?c, th? xã Phu?c Long) d? di?u tra v? vi?c b?t cóc tr? em.
 Theo dó, kho?ng 7h30 cùng ngày, th?y cháu V.T. Ð (5 tu?i, phu?ng Long Phu?c) dang choi tru?c sân nhà nên bà Xuy?n b?t khan che kín m?t, ch?y xe máy d?o qua r?i d?ng l?i d? d? cháu lên xe.",laodong.vn,An ninh 
Bi k?ch ngo?i tình v?i b? ch?ng,"V?y là sau hon 5 tháng l?y ch?ng, tôi dã thành “dàn bà” v?i dúng nghia. Tôi dã bi?t mùi “yêu” v?i dàn ông. Nhung dó không ph?i là vi?c tôi quan h? v?i ch?ng tôi.",sorry.vn,Ð?i s?ng 
"Ð?c t? ch?i c?p Visa cho doàn công tác nhà nu?c, t?m ng?ng c?p Visa cho du h?c sinh Vi?t Nam?"," Giao thuong hai nu?c b?t d?u g?p ?nh hu?ng t? cang th?ng ngo?i giao Ð?c – Vi?t, sinh viên h?c sinh và doanh nghi?p dang gánh ch?u h?u qu?.",thoibao.de,Chính tr? 
Ð?i s? quán Ð?c t?i Hà N?i t? ch?i c?p Visa cho lao d?ng Vi?t Nam sang h?c ngh? di?u du?ng," Quan h? gi?a Ð?c và Vi?t Nam v?n ti?p t?c cang th?ng khi tòa Thu?ng th?m Berlin dang xét x? nghi ph?m m?t v? Vi?t Nam Nguy?n H?i Long, các nhân ch?ng dã khai tru?c tòa, phát l? du?ng dây b?t cóc ông TXT có liên quan d?n nh?ng cán b? c?p cao nh?t c?a d?ng nhu TBT Nguy?n Phú Tr?ng cung nhu ngu?i d?ng d?u co quan b?o v? pháp lu?t, thu?ng tu?ng Tô Lâm.",thoibao.de,Chính tr? 
S? th?t kinh hoàng v? nu?c M? qua l?i k? c?a m?t du h?c sinh Trung Qu?c," Du?i dây là câu chuy?n v? m?t du h?c sinh Trung Qu?c sau khi sang M? du h?c, s? th?t v? nu?c M? làm c?u bàng hoàng..
 Tôi dã t?ng ôm gi?c m?ng du?c h?c t?p ? dó, dã tìm m?i cách d? t?i du?c cái x? s? siêu cu?ng dó.",baonuocmy.com,Ð?i s?ng 
"Rùa bi?n sa lu?i ‘vuon c? cúi l?y’, ông ch? bèn mua r?i phóng sinh, 16 nam sau chú rùa quay l?i tr? on"," T?i Co Long, Ðài Loan có m?t c?a hàng mang tên “Ng? Duyên Hào”. Ông ch? Lâm v?n là m?t ngu?i t?t b?ng, thu?ng làm vi?c thi?n, khu v?c ông s?ng có nhi?u nh?ng cu dân dánh cá ki?m s?ng quanh dó.",thoibao.today,Ð?i s?ng 
Khám phá s?ng s?t v? trí nh? "nhu th?n" c?a d?ng v?t," Trí nh? siêu vi?t c?a d?ng v?t ch?c ch?n s? khi?n không ít ngu?i kinh ng?c, ngoài trí nh? ""nhu th?n"", có loài d?ng v?t còn có kh? nang suy nghi logic và th?c s? có th? suy ra n?u a = b và b = c thì a = c.",thoibao.today,Ð?i s?ng 
Nh?ng món an "th?n k?" giúp si t? "thi dâu d?u dó"," An d?u d? thi dâu d?u dó hay an b?p d? bài làm du?c ch?c nhu b?p... là nh?ng món mà m?i khi k? thi d?n là b?n có d?p thu?ng th?c.
 Các si t? hi?n dang trong giai do?n v?t l?n v?i k? thi c?c k? quan tr?ng c?a d?i mình chính là k? thi t?t nghi?p THPT .",thoibao.today,Ð?i s?ng 
Th?n du?c' mùa dông," Ðây chính là ""th?n du?c"" mùa dông giúp ch?a bách b?nh mà nhi?u ngu?i dang th? o!
  Su hào hay xu hào (t? ti?ng Pháp: chou-rave, danh pháp hai ph?n: Brassica oleracea nhóm Gongylodes) là m?t gi?ng cây tr?ng thân th?p và m?p c?a c?i b?p d?i, du?c ch?n l?a vì thân m?p, g?n nhu có d?ng hình c?u, ch?a nhi?u nu?c c?a nó. Su hào du?c t?o ra t? quá trình ch?n l?c nhân t?o d? l?y ph?n tang tru?ng c?a mô phân sinh ? thân, mà trong d?i thu?ng du?c g?i là c?. Ngu?n g?c t? nhiên c?a nó là c?i b?p d?i.",thoibao.today,Ð?i s?ng 
"Ð?ng bán nem chua rán, gái xinh khi?n dân m?ng tá h?a vì “d?ng c? nguy hi?m” d?t ngay du?i vòng 1","Thanh niên d?ng sau th?y r?i mà không ra c?u ngu?i ta di mà d?ng dó làm gì?
 Hóa ra “d?ng c? nguy hi?m” du?i vòng 1 cang d?y c?a hot girl ném chua rán chính là chi?c kéo nh?n, n?u không c?n th?n s? có th? gây thuong tích.
 Thanh niên s? nh? nh?t ngày hôm nay!",tinvn.info,Ð?i s?ng 
"Ði c? dêm m?i v?, bà m? tá ho? th?y m?t con b? c?t nát kinh d? và s? th?t s?c t?n não d?ng sau"," Bà m? s?ng s?t không ng?, khi l?y tay ch?m nh? vào v?t thuong trên m?t con gái là c?nh tu?ng này.
 B? di d?ng d?ng m?t dêm, d?n khi tr? v? bà m? tá h?a khi th?y khuôn m?t con gái vô cùng khác l?.
 Ð?n khi t?n tay s? vào, bà m? m?i nh?n ra thì ra dây là l?p trang di?m.",tinvn.info,Ð?i s?ng 
Khoe ?nh d?p không t? v?t nhung Ng?c Trinh khi?n ngu?i nhìn tá h?a khi phát hi?n ra ph?n ‘d? d?ng’ này!," Không th? d?m du?c dây là l?n th? bao nhiêu Ng?c Trinh g?p s? c? d? khóc d? cu?i nhu th? này!
 Ai cung bi?t Ng?c Trinh s? h?u các s? do và t? l? thân hình chu?n. M?i khi m?c sexy xu?t hi?n t?i s? ki?n thì các khách m?i cung ph?i lác m?t. ?y v?y mà d?p ch?ng dó v?n chua d? d?i v?i N? hoàng n?i y, chính vì th? mà cô dã nhi?u l?n ph?i nh? d?n photoshop. Tuy nhiên vì quá l?m d?ng mà thân hình cô còn b? bi?n d?ng h?n, nhi?u lúc còn b? khuy?t c? b? ph?n. M?i dây, cô nàng dang b?c ?nh m?c váy den d?p mi?n chê, guong m?t trong sáng nhu thiên th?n. Tuy nhiên lúc nhìn xu?ng phía du?i thì ai cung toá ho? vì Ng?c Trinh b? m?t luôn 1 bên chân! Tru?c dó ngu?i d?p này dã t?ng mu?i m?t vì vu?ng s? c? tuong t?.
 Ðây chính là b?c ?nh có v?n d? c?a Ng?c Trinh. M?t chi?c chân dã không cánh mà bay
",tinvn.info,Gi?i trí 
FastGo quy?t khô máu v?i Grab!,"Tr?i nghi?m nh?ng gi?i d?u th? thao qu?c t? trên VTVcab ON 0 0 N?u mu?n thu?ng th?c Ngo?i h?ng Anh, Bóng dá Ð?c, Tennis WTA, Glanslam, bóng r? NBA, VBA, Golf, V.League cùng nh?ng gi?i d?u th? thao t?m c? qu?c t? m?t cách...
 ",tinvn.info,Kinh t?
Nh?t Kim Anh ti?t l? "th?n du?c" giúp cô thoát kh?i lu?i hái t? th?n trên máy bay,"M?i dây, trên trang cá nhân, n? ca si Nh?t Kim Anh dã c?p nh?p dòng tr?ng thái chia s? v? vi?c mình b? co rút và ng?t x?u ngay trên máy bay.
 Tru?c khi lên máy bay, Nh?t Kim Anh dã c?m th?y ngu?i m?t m?i vì c?m s?t. Tuy v?y, n? ca si ch? nghi dó là c?m s?t bình thu?ng. Ð?n khi máy bay b?t d?u lan bánh, tr?i qua nh?ng c?m giác khó ch?u nhu bao t? b? cào xé, co th? run r?y, l?nh ngu?i.",tinvn.info,Gi?i trí 
"M?c d? boi g?i c?m, B?o Anh gây b?t ng? khi xam ch? này lên dùi"," Hình xam trên dùi gây tò mò b?y lâu nay dã du?c n? ca si b?t mí.
 S? h?u gi?ng hát d?y c?m xúc và n?i l?c, B?o Anh còn du?c khán gi? yêu m?n b?i nhan s?c xinh d?p, trong sáng, và cu?c s?ng d?i tu “s?ch” scandal. B?i v?y, t?t th?y ai cung d?u choáng khi hình ?nh n? ca si l? hình xam trên co th?.",tinvn.info,Gi?i trí 
Hàng ngàn ngu?i Hà N?i d?ng hình khi ch?ng ki?n b? trang ph?c tr?n da th?t c?a em gái tr? d?p này," T?i qua Sài Gòn b?ng nhiên se l?nh các m? ?, em dang n?m trong chan ?m lu?t web thì b?ng d?p vào m?t là t?m hình ch?p l?i m?t cô gái an m?c siêu h? hang dang d?ng d?ng ngoài ph?. Không nói ch?c các m? cung bi?t em rùng mình nhu th? nào, mình dang n?m trong chan dây mà còn th?y l?nh, hu?ng gì ngu?i ta an m?c phong phanh th? kia d?ng gi? tr?i.",tinvn.info,Ð?i s?ng 
C?m giác nhu tr?c quay trái d?t s?p gãy khi xem lo?t ?nh không th? không gào thét này," B?n s? th?y b?t r?t, khó ch?u, dau d?n th?m chí là t?c n? dom dóm m?t n?u m?t ngày roi vào hoàn c?nh nhu v?y! Tôi khuyên b?n chân thành m?t câu, d?ng d? nh?ng th? c?i chày dó ?nh hu?ng d?n c?m xúc c?a mình, vì nó dang mu?n mình già di, x?u xí di.
 ",tinvn.info,Gi?i trí 
Ngu?i dàn ông b? “ma d?t di choi” cho t?i ch?t ? Qu?ng Nam?," 3h sáng, khi anh H. dang ng? thì có m?t lu?ng sáng r?i vào m?t khi?n anh t?nh gi?c. V?a m? m?t ra, anh th?y ba ngu?i dàn ông m?c qu?n áo tr?ng toát d?ng s?n t? bao gi?.
 H? không ng?ng g?i tên anh. Trong “con mê”, anh H. m?c áo, d?i mu và di theo h?…Ð?n chi?u t?i cùng ngày, anh m?i tr? v? nhà. Tuy nhiên, không lâu sau dó thì anh t? vong.
 Ly k? l?i k? c?a n?n nhân tru?c khi ch?t
",tinvn.info,Ð?i s?ng 
"Nh?t du?c chi?c h?p kì l? trên bi?n, ngu?i dàn ông ph?i vào vi?n ngay l?p t?c khi bi?t danh tính th?t c?a nó"," Không th? ng?, ch? ch?m vào chi?c h?p ngu?i dàn ông l?i ph?i ch?u h?u qu? nhu v?y.
 M?t ngu?i dàn ông nu?c ngoài trong m?t l?n di d?o bi?n dã b?t g?p m?t chi?c h?p có hình dáng khá kì l?. Cho d?n khi d?n g?n hon, ông ta m?i phát hi?n thì ra dó là m?t chú cá. Tuy nhiên vì chua bao gi? th?y m?t chú cá có hình dáng nhu v?y nên ông quy?t d?nh tìm hi?u v? nó.
 Hình dáng kì l? thu hút ngu?i nhìn ngay l?p t?c ",tinvn.info,Ð?i s?ng 
Nh?ng d?u hi?u nh?n bi?t nhà b?n dang có ma và cách tr? ma qu? trong nhà," D?u hi?u nh?n bi?t nhà có ma. Các khung gi? 18 gi? chi?u, 24 gi? dêm (0 gi? sáng) và 3 gi? sáng (qu? môn quan) chính là 3 khung gi? mà vong h?n thu?ng xuyên ho?t d?ng m?nh m? nh?t. Khi ?y, thu?ng b?u không khí s? tr? nên l?nh l?o và ghê r?n vô cùng.
",tinvn.info,Ð?i s?ng 
Bí m?t d?ng tr?i mà không m?t nhân viên khách s?n nào dám nói cho b?n bi?t," Ð?m b?o b?n s? shock khi bi?t nh?ng bí m?t du?c gi?u nh?m di này m?i l?n ghé chân t?i khách s?n.
 Khách s?n, nhà ngh?… là m?t ph?n không th? thi?u trong nh?ng chuy?n di du l?ch. Tuy nhiên, m?i khách s?n d?u ?n ch?a bí m?t mà n?u n?m du?c “chìa khóa” này, b?n có th? ti?t ki?m du?c kha khá ti?n và t?n hu?ng tr?n v?n k? ngh? c?a mình t?i dó. Du?i dây là m?t s? t?ng h?p t? các khách s?n trên th? gi?i",tinvn.info,Ð?i s?ng 
Bí m?t d?ng sau chi?c nh?n trên ngón tay út c?a Thanh H?ng và Chi Pu,"Hai m? nhân dình dám c?a Vbiz thu?ng xuyên deo nh?n ? ngón tay út, và dây chính là lí do.
 Ð?i v?i phái d?p nói chung và nh?ng m? nhân dình dám c?a Vbiz nói riêng, trang s?c nhu nh?n, hoa tai hay dây chuy?n d?u không th? thi?u trong m?i l?n xu?t hi?n.
 Khác v?i nhi?u m? nhân, Thanh H?ng và Chi Pu thu?ng g?n li?n v?i chi?c nh?n b?c nh? xinh ? ngón tay út. Ngoài vi?c tang tính th?m m?, thì chi?c nh?n này còn có ý nghia r?t d?c bi?t d?i v?i h?.",tinvn.info,Gi?i trí 
Bé Nh?t Lan báo m?ng cho ngu?i nhà v? nghi ph?m tru?c khi b? b?t," Nhu Báo Gia dình & Xã h?i dã thông tin, sáng qua (14/4), phía c?nh sát nu?c Nh?t B?n dã b?t gi? nghi ph?m Shibuya Yasumasa (46 tu?i) liên quan d?n cái ch?t thuong tâm c?a cháu Lê Th? Nh?t Linh (9 tu?i), trú t?i thôn Bãi S?y 3, xã Tân Dân, huy?n Khoái Châu (Hung Yên).
 Khi có thông t? nu?c s? t?i, v? ch?ng ch? Nguy?n Th? Nguyên (SN 1986) cùng anh Lê Anh Hào (SN 1982) là b? m? bé Linh dã t? nhà ngo?i t?i thôn Trà My, xã Thu? Huong, huy?n Ki?n Thu?, TP. H?i Phòng v? quê n?i Hung Yên d? dón Ð?i s? Nh?t B?n t?i Vi?t Nam d?n tham, chia bu?n.
",tinvn.info,Ð?i s?ng 
"Ao làng b?ng lúc nhúc toàn sinh v?t l?, thò tay s? vào m?i tím m?t s? hãi khi bi?t s? th?t"," Th?y ao làng lúc nhúc toàn sinh v?t l?, ngu?i dàn ông tò mò t?i g?n và suýt ng?t l?m tru?c c?nh tu?ng hãi hùng.
 Lâu lâu v? tham quê, ngu?i dàn ông c?m th?y vô cùng thích thú v?i c?nh tu?ng yên bình cùng không khí trong tr?o d?c trung noi dây. Ðang th? b? trên con du?ng làng, b?t ch?t ông th?y nhi?u ngu?i xúm l?i ? m?t cái ao, quá tò mò, ông quy?t d?nh r?o bu?c d?n g?n xem th?.",tinvn.info,Ð?i s?ng 
"C?u bé kinh hãi khi th?y chân lúc nhúc hàng tri?u sinh v?t b?u ch?t, cúi xu?ng phát hi?n s? th?t bàng hoàng"," Kinh ng?c c?nh tu?ng hàng tri?u sinh v?t bò nhung nhúc b?u ch?t l?y chân.
 Christmas là m?t d?o nh? thu?c Úc, cách 2.600 km v? Phía tây b?c thành ph? Perth. Hòn d?o là quê huong c?a vô s? các loài d?ng – th?c v?t vô cùng phong phú và k? l?. N?u không chú ý, nh?ng du khách l?n d?u tiên d?n tham quan hòn d?o này thu?ng g?p nhi?u “phe” s?n gai ?c, khi ra v?a ch? d?ng im vài phút thôi, dã th?y du?i bàn chân mình r?n r?n, nhung nhúc vô cùng nhi?u sinh v?t k? l? dang bò lên và b?u ch?t l?y. Th?m chí, c? nh?ng con du?ng hay c? b? bi?n noi dây d?u b? nhu?m m?t màu d? r?c.
 Hàng tram tri?u con cua bò lên b?u ch?t l?y chân c?u bé.
",tinvn.info,Ð?i s?ng 
Bác si không d?u tru?c c?a phòng khám khi?n c? b?nh vi?n náo lo?n khi bi?t s? th?t,"Hình ?nh ngu?i bác si không d?u xu?t hi?n trong b?nh vi?n dã khi?n các b?nh nhân ho?ng lo?n tránh xa.
 M?i dây, trên trang thông tin c?a Thái Lan dã chia s? hình ?nh ngu?i bác si có ngo?i hình k? l? xu?t hi?n t?i b?nh vi?n. Nh?ng hình ?nh c?a v? bác si dã nhanh chóng du?c chia s? và nh?n du?c s? quan tâm t? phía c?ng d?ng m?ng toàn châu Á.",tinvn.info,Ð?i s?ng 
S?c v?i nh?ng lo?i “bùa ng?i” có th?t d?u hi?u khi b? dính và dây là cách phòng tránh !,"
 Bùa ng?i luôn là m?t ph?m trù bí ?n d?i v?i con ngu?i. Trên th? gi?i, có r?t nhi?u l?i d?n d?i v? bùa ng?i, th?m chí có ngu?i t?ng ch?ng ki?n t?n m?t. V?y làm sao d? nh?n bi?t khi b? dính bùa ng?i và cách nào d? phòng tránh?
 Trên th?c t?, dã có m?t s? công trình nghiên c?u khoa h?c ch?ng minh bùa ng?i là có th?t. Bùa ng?i tru?c dây ch? y?u du?c dùng d? th? hi?n khát khao d?t du?c nh?ng di?u t?t lành: bùa c?u bình an, ng?i ch?a b?nh…
 Tuy nhiên, cu?c s?ng quá nhi?u bon chen, cám d?, ghen ghét, d? k? khi?n ý nghia t?t d?p ban d?u b? bóp méo, gi? dây nh?c t?i bùa ng?i, th? hi?n lên trong d?u m?i ngu?i ch? là nh?ng th? r?t dáng s?, nh?ng con dau d? d?i, tâm th?n b?n lo?n, m?t trí,…
  ",tinvn.info,Ð?i s?ng 
"Nh?t du?c xác tran ven du?ng, ngu?i dàn ông ch?t s?ng v?i th? trong b?ng tran lâu nam"," Th?y xác tran ven du?ng, ngu?i dàn ông không ng? khi m? b?ng tran l?i nhìn th?y c?nh tu?ng hãi hùng này.
 Con tran du?c phát hi?n ch?t ven m?t con du?ng t?i bang Florida,M? v?i cái b?ng kh?ng l? nên ngu?i dàn ông doán ch?c nó dã nu?t ch?ng m?t th? gì dó tru?c khi t? n?n.
 Con tran này có chi?u dài lên t?i 5m và n?ng g?n 50kg. Ðây là m?t con tran m?c thu?c loài tran l?n nh?t th? gi?i. Loài tran này thu?ng s? d?ng co b?p ch?c kh?e d? qu?n ch?t l?y con m?i, làm t?c m?ch máu cho d?n khi h? th?ng tu?n hoàn ng?ng ho?t d?ng d? tiêu hóa con m?i.
 ",tinvn.info,Ð?i s?ng 
"Tu?ng ? tr?ng gà mang v? ?p thành con, thanh niên ngay l?p t?c chuy?n nhà ch? sau 2 tu?n"," Ch? sau 2 tu?n, ? tr?ng l? n? khi?n ch? nhà tái xanh m?t khi bi?t “danh tính” c?a con v?t.
 M?t l?n phiêu luu ? ngo?i ô, ngu?i dàn ông b?t ng? b?t g?p ? tr?ng l?. Quá tò mò và háo h?c, ông quy?t d?nh mang v? d? theo dõi xem chuy?n gì s? x?y ra.
 Sau vài tu?n, ? tr?ng b?t d?u n?. Ngu?i dàn ông th?ng th?t không tin n?i vào m?t mình khi ch?ng ki?n c?nh tu?ng hãi hùng tru?c m?t.",tinvn.info,Ð?i s?ng 
Cô gái “t? su?ng” 101 l?n liên ti?p trong su?t 12 gi? li?n và cái k?t gây s?c," Tin v?a nh?n du?c t? b?nh vi?n. M?t cô gái tên H s?ng t?i qu?n Bình Th?nh TPHCM du?c dua di c?p c?u sáng ngày 29/10 dã t? vong vì co th? ki?t s?c. Bác si b?nh vi?n cho hay cô gái dã ki?t s?c d?n m?c không th? n?i nên dã t? vong.
 Nguyên nhân du?c xác d?nh là cô gái dã có hành d?ng t? su?ng liên t?c cu?ng d? cao t? 5h t?i d?n 5h sáng hôm sau. Bác si u?c doán r?ng cô dã th?c hi?n 101 l?n t? su?ng liên t?c và lên d?nh t?i 51 l?n. R?t nhi?u tranh ?nh mát m? và phim ngu?i l?n cung dã du?c tìm th?y t?i khu nhà ? c?a cô.
 T? su?ng liên t?c 101 l?n trong 12 gi? li?n là nguyên nhân khi?n cô gái t? vong
",tinvn.info,Ð?i s?ng 
"C?p dôi ch?p 1000 ki?u ?nh ch? m?t tu th? trong 3 nam, ai cung s?c khi bi?t s? th?t"," Ðôi khi, tình yêu có th? du?c nhìn th?y t? nh?ng di?u bình d?, d? thuong nhu th? này.
 Th? gi?i có 7 t? ngu?i d?ng nghia v?i vi?c có hàng t? c?p dôi. Do dó, tình yêu cung du?c th? hi?n theo muôn vàn cách khác nhau, ch?ng ai gi?ng ai. Và c?p dôi ngu?i Hàn Qu?c du?i dây dã ch?n cách d?c bi?t nh?t d? khi?n tình yêu c?a riêng h? du?c nhi?u ngu?i ca ng?i, ngu?ng m?.",tinvn.info,Ð?i s?ng 
"Vác b?a hòn dá v? kê b?p, ngu?i dàn ông s?c n?ng khi du?c tr? 400 tri?u ch? vì bí m?t này bên trong"," Th?t không th? tin du?c ch? vì bí m?t này mà hòn dá tu?ng ch?ng nhu ch? có gì l?i du?c tr? 400 tri?u.
 Câu chuy?n vô cùng l? này di?n ra ? m?t ngôi làng có tên là Xiangjiaba. Ðây là m?t ngôi làng nh? n?m ven sông Duong T? xinh d?p. Theo d?c b? sông Duong T? có r?t nhi?u lo?i dá v?i các kích c? và màu s?c l? khác nhau.",tinvn.info,Ð?i s?ng 
"V?a th?y “quái kh?ng” den xì lòi ra t? khúc cây, thanh niên v?t v?i g? quý ch?y m?t dép ch? sau 1 giây"," Không bi?t d?y là quái v?t gì mà l?i khi?n ngu?i dàn ông khi?p s? d?n nhu v?y?
 Câu chuy?n d?c bi?t này x?y ra khi m?t ngu?i dàn ông dang ch?t cây l?y c?i sau vu?n nhà, vô tình ông trông th?y thân cây b? b?c den k? l?. Quá tò mò, ông cúi ngu?i ch?m v?t den xem nguyên nhân là gì, nhung chua du?c 3 giây, ông dã la hét th?t thanh r?i b? ch?y kêu c?u khi th?y quái v?t den ngòm quái d? chui ra t? phía trong.",tinvn.info,Ð?i s?ng 
"Phát ho?ng vì ti?ng rít dinh tai m?i dêm, ch?y ra kêu c?u m?i kinh hoàng th?y c?nh tu?ng d?m máu ch?ng dang làm sau vu?n"," M?t ng? vì ti?ng rít dinh tai k? l? h?ng dêm, bà v? tá h?a khi th?y c?nh tu?ng kinh d? này sau vu?n.
 G?n dây trên m?ng xã h?i xôn xao bàn tán câu chuy?n du?c m?t ngu?i ph? n? dang t?i. Theo l?i k?, dêm nào cô cung m?t ng? vì nghe th?y ti?ng rít dinh tai, quy?t tâm di tìm nguyên nhân, cô bàng hoàng khi?p s? khi th?y c?nh tu?ng d?m máu ch?ng dang làm sau vu?n.",tinvn.info,Ð?i s?ng 
"Tu?ng c? tram con r?n bò vào nhà tr? thù, chàng trai kinh hãi t?t d? khi th?y c?nh tu?ng ch?t chóc ám ?nh sau dó","
 Nhìn nh?ng xác ch?t ng?a c? lên tr?i mà thanh niên ch? mu?n nôn ?e váng d?u vì quá s? hãi.
 Trong m?t l?n d?n choi nhà b?n, m?t chàng trai ngu?i Thái Lan dã suýt b? ch?y m?t dép khi th?y hàng tram con r?n n?m la li?t trên sàn nhà.
 Ban d?u, chàng trai tu?ng r?ng gia dình b?n mình dã “d?c t?i” gì dó v?i loài r?n nên b? chúng kéo d?n tr? thù…
 Bi?t du?c n?i s? hãi và ban khoan c?a chàng thanh niên, b?n c?a anh dã nhanh chóng gi?i thích r?ng gia dình mình m?i tr? thành lò chuyên l?t da r?n.
",tinvn.info,Ð?i s?ng 
"D? em gái cosplay m?i quen g?i ?nh trong b?n t?m, chàng trai s?c t?n não khi nàng trút b? xiêm y"," Lúc cosplay thì rõ xinh x?n v?y mà lúc sau nàng l?i bi?n thành m?t ngu?i hoàn toàn khác khi?n thanh niên ch? còn bi?t câm nín khô l?i.
 Mê m?n thi?u n? cosplay d? thuong, anh chàng xin s? làm quen…",tinvn.info,Ð?i s?ng 
"Th?i bu?i gi? xinh quá cung là cái t?i, nhu cô gái này ch?ng h?n!","
 Nét m?t xinh x?n siêu d? thuong c?a cô gái trong lo?t hình 4 bi?u c?m dã khi?n các nam nhân m?ng xã h?i s?t s?ng không yên, và dây chính là thông tin c?a cô ?y!
 Xinh nên b? d? ý, câu nói ?y không ch? dúng ? m?i lúc m?i noi m?i hoàn c?nh mà dúng v?i b?t c? cô gái xinh d?p nào. Ðôi khi ch? m?t b?c hình xinh d?p trên m?ng xã h?i, nhân v?t trai xinh gái d?p dó dã khi?n cu dân m?ng d?y sóng. Nhu cô gái có khuôn mi?ng bi?t cu?i này là m?t ví d?.
 B?c ?nh c?a thi?u n? xinh d?p khi?n dân tình phát s?t
",tinvn.info,Ð?i s?ng 
"V? ch?t 3 ngày v? báo m?ng, ch?ng d? tr?n nhà xu?ng d? r?i s?c ng?t khi th?y th? dó"," Ngay t? cái l?n d?u tiên H?o v? ra m?t nhà ngu?i yêu cô dã không du?c m? c?a Hùng d?ng ý vì chê cô là gái t?nh d?, nhà l?i nghèo không môn dang h? d?i v?i gia dình nhà bà. Bà tìm m?i cách c?n phá tình yêu c?a 2 ngu?i tuy nhiên Hùng thì không bao gi? ch?u m?t H?o.",tinvn.info,Ð?i s?ng 
Ðêm nào m? cung báo m?ng cho con trai và cái k?t," Cô nói di, lúc tru?c cô làm gì có l?i v?i m? tôi mà dêm nào m? tôi cung v? b?o tôi gi?t cô h?. Cô khai mau không tôi gi?t cô th?t d?y.
 Ð?ng… d?ng anh… d? em nói.
",tinvn.info,Ð?i s?ng 
"Cu?i v? cho con trai, b? m? d?t 200 mâm c? nhung không ai t?i, thông gia bi?t du?c s? th?t thì dòi h?y hôn ngay l?p t?c","
 Ngày cu?i dáng ra ph?i là ngày vui nh?t trong d?i ngu?i, nhung v?i Ð?c l?i là ngày kinh kh?ng nh?t cu?c d?i anh.
 5 nam tru?c, lúc còn là sinh viên d?i h?c, Ð?c tán t?nh 1 cô gái con nhà khá gi? ? dây. Vì trông b? ngoài Ð?c cung d?p trai, thu sinh, l?i d?o mi?ng nên m?i 2 tu?n Vân dã d? cái r?p. R?t nhanh sau dó h? thuê cùng 1 phòng tr? và ? v?i nhau nhu v? ch?ng.
 Th?t ra v?i Vân thì dó là tình yêu, cô yêu Ð?c say d?m, lúc nào cung qu?n l?y anh không r?i. Ð?c mu?n gì là Vân không ng?n ng?i dáp ?ng li?n. Nhung cô không h? hay bi?t v?i Ð?c thì dó ch? là th? tình c?m h?i h?t, nói tr?ng ra ch? là v? l?i.
 ",tinvn.info,Ð?i s?ng 
Ch?p nh?n d? v? cho con nh? b?n thân và cái k?t s?c," T?i dang ng?i nh?u v?i m?y th?ng b?n thì con Lê (b?n thân c?a T?n) g?i di?n léo nhéo su?t. B?c mình T?n b?t máy cau có.
 – G?i gì mà l?m tao th? dang di choi r?i.",tinvn.info,Ð?i s?ng 
Ch?ng “chôn” chu?i xanh và tr?ng xu?ng du?i d?t c?nh tu?ng d?ng sau khi?n v? kinh hãi," L?y làm kì l? khi th?y ch?ng chôn chu?i xanh và tr?ng xu?ng du?i d?t, nhung c?nh tu?ng d?ng sau khi?n t?t c? ch?t d?ng.
 G?n dây, trên m?t vài trang m?ng xã h?i dang bàn tán xôn xao v? m?t câu chuy?n khá kì l?. Theo nh?ng thông tin du?c chia s?, ngu?i v? s?ng ngu?i khi th?y ch?ng mang chu?i xanh và tr?ng ra chôn xu?ng d?t. Bà quá b?t ng? và khó hi?u không bi?t ch?ng mình d?nh làm gì.",tinvn.info,Ð?i s?ng 
B?n gái Ð?t C? nh?n muôn nghìn g?ch dá khi bình lu?n c?c s?c th? này ? b?c ?nh h? b?o c?a Ngân 98,"Nh?ng b?c ?nh h? hang nóng b?ng c?a Ngân 98 chính là s? thu hút r?t l?n t? c?ng d?ng m?ng, d?c bi?t là nh?ng nam thanh niên dùng facebook…
 Facebook là m?ng xã h?i k?t n?i hàng tri?u ngu?i trên trái d?t này v?i nhau, th? nên không có chuy?n gì là ng?c nhiên khi th?y m?t ngu?i ? mi?n nam, m?t ngu?i mi?n b?c l?i có th? trò chuy?n, bình lu?n ?nh c?a nhau dù chua l?n nào g?p m?t. Nhung d?i v?i Ngân 98 và b?n gái cu c?a Ð?t C?, thì ch?c ch?n hai ngu?i này v?n khi?n không ít c?ng d?ng m?ng ng?c nhiên, h?ng thú.
",tinvn.info,Ð?i s?ng 
"Sau th?i gian dài ch?a b?nh, d?i gia x?u nh?t th? gi?i Tr?n Son gây s?c n?ng v?i hình ?nh b?nh bao khó tin"," Sau m?t th?i gian v?ng bóng, hình ?nh c?a d?i gia x?u xí nh?t th? gi?i khi?n nhi?u ngu?i tròn m?t.
 N?u là ngu?i thu?ng xuyên c?p nh?t thông tin trên các trang m?ng xã h?i thì ch?c ch?n b?n v?n còn ?n tu?ng v?i d?i gia x?u xí nh?t th? gi?i. Ðó chính là d?i gia có tên Tr?n Son, sinh s?ng t?i Trung Qu?c.",tinvn.info,Ð?i s?ng 
Hot girl có vòng 1 t? nhiên kh?ng nh?t châu Á phát ngôn gây s?c v? lý do không bao gi? m?c h?," Lo?t ?nh m?i nh?t v? cô gái có vòng 1 kh?ng nh?t Châu Á khi?n c?ng d?ng m?ng c? châu l?c m?t tròn m?t d?t, không tin vào s? th?t.
 Yu Han là cô gái dang gây ra con s?t trên kh?p châu Á vì vòng 1 t? nhiên kh?ng b?c nh?t châu l?c, cô nàng sinh nam 1995 này hi?n dang sinh s?ng và làm vi?c t?i Seoul
 Ch? t? m?t b?c hình Yu Han ch?p t?i tàu di?n ng?m khi?n cô nàng n?i nhu c?n trên m?ng xã h?i Hàn Qu?c và lan sang các qu?c gia khác
 Yu Han t? nh?n mình là cô gái có vòng 1 t? nhiên kh?ng nh?t châu Á và thu?ng xuyên tung b?ng ch?ng hình ?nh c?a mình lên m?ng xã h?i
",tinvn.info,Ð?i s?ng 
"M?c d? không khác gì v?i màn lên bar dú d?n, Mon 2k nh?n cái k?t quá d?ng khi phát ngôn câu này"," H?t tung nh?ng b? ?nh bikini se.xy, hotgirl ng?c kh?ng Mon2k l?i có nh?ng phát ngôn v? v?n d? “nh?y c?m” khi?n dân m?ng choáng váng không th?t nên l?i.
 Là m?t trong nh?ng hotgirl n?i lên nh? th? phi nên không ít l?n Mon2k b? cu dân m?ng “ném dá” vì l?i an m?c h? hang cùng nh?ng phát ngôn gây s?c. Mon2k chính là m?t trong hai cô nàng t?ng gây bão c?ng d?ng m?ng m?t th?i gian tru?c dây khi tung clip mi?t th? ngu?i ng?c ph?ng",tinvn.info,Ð?i s?ng 
Quán tr?ng v?t l?n 1 dêm bán 1.000 qu?: Khách d?n mua s?c n?ng khi bi?t bên trong n?i có…," Ðây du?c xem là quán tr?ng v?t l?n “d?t khách” nh?t Sài Gòn khi bán du?c kho?ng 1.000 qu? tr?ng m?i dêm, cùng v?i vi?c kinh doanh nu?c mía, bia, d?u ph?ng… nên s? ti?n quán thu v? trong m?t dêm bán hàng có th? lên t?i 8 tri?u d?ng.",tinvn.info,Ð?i s?ng 
Lý do Phi Nhung ph?i u?ng thu?c tr? sâu t? t? khi?n ai cung ‘choáng’?,"
 Phi Nhung l?n d?u ti?t l? v? bí m?t ‘s?c’ r?ng, cô t?ng u?ng thu?c tr? sâu t? t? khi?n ai cung choáng vì b?t ng?.
 Trên trang fanpage chính th?c v?a qua, Phi Nhung b?t ng? dang t?i chia s? v? vi?c có con gái ru?t ? M? sau nhi?u nam gi? kín. Cô ti?t l? con gái ru?t tên Wendy, v?a d? th? khoa ? M?, chuyên ngành y tá. S?p t?i, con gái s? theo h?c ti?p Th?c si. V?i Phi Nhung, nh?ng nam qua cô dã âm th?m ch?u d?ng n?i kh? khi nuôi con m?t mình.
 Phi Nhung và con gái ru?t

",tinvn.info,Ð?i s?ng 
"D?c ?ng di?u hòa, r?ng tim vì th?y sinh v?t b?ng c? tay dài c? mét này tru?n ra"," Sinh v?t b?ng c? tay này chính là m?t loài hà d?c g? c? d?i còn sót l?i trên trái d?t.
 Ban d?u nhìn chi?c v? tr?ng tr?ng kia, ai cung nghi là ?ng di?u hòa nhung th?c ch?t nó làm b?ng g?, có hình d?ng gi?ng m?t cái ngà voi. Bên trong chi?c ngà voi dó là loài nhuy?n th? c? d?i kh?ng l? còn s?ng trên trái d?t",tinvn.info,Ð?i s?ng 
"L?y ch?ng th?c v?t, 35 tu?i v?n còn zin, 1 dêm cham ch?ng m?t quá v? ng? thi?p di, lúc t?nh d?y thì h?t ho?ng khi th?y…"," Trang dã t?ng yêu vài ngu?i, nhung l?n nào chia tay ngu?i cô cung d?y v?t thuong, c? bên ngoài l?n bên tr?ng. Ch? vì cô không ch?u cho h? cái ngàn vàng c?a mình mà h? s?n sàng chia tay. Vì th?, Trang cam thù b?n dàn ông th?u xuong.",tinvn.info,Ð?i s?ng 
"Mu?n ti?n vào nhu nu?c, nh? d?ng d? th? này trong ví","
 N?u mu?n tài v?n c?a mình không b? cái nghèo bám ri?t, hãy ki?m tra xem b?n có dang vô tình làm nhu th? này không nhé!
 “Nghèo r?t m?ng toi” n?u nhu b?n d?t v?t này trong ví
 Theo quan ni?m xua, v? m?t phong th?y ví ti?n du?c coi là v?t bi?u th? và liên quan tr?c ti?p d?n tài v?n c?a ch? nhân. V?y nên, du?ng tài l?c c?a b?n cung có th? b? ?nh hu?ng b?i v?n khí c?a chi?c ví này.
 Không d?t hóa don trong ví.
 Ð? gia tang tài l?c, b?n có th? d?t d?ng 2 USD, d? ti?n vào t?t c? các ngan, d?ng m?t ít ti?n xu… Ngoài ra b?n tuy?t d?i nh? r?ng không nên d? hóa don trong ví c?a mình b?i chúng bi?u th? cho món ti?n b?n dã hao di. Ð? chúng trong ví nhi?u kh? nang s? hút thêm n? n?n.
 ",tinvn.info,Ð?i s?ng 
"Ch? m?t l?n vui quá tr?n, thanh niên sùi d?y n?t l? trên lung d? r?i ch?t l?ng khi bi?t s? th?t d?ng ng?t"," Không s? d?ng phuong pháp b?o v? nào trong khi ng? cùng m?t cô gái l? quen trong quán bar, ngu?i dàn ông này gi?t th?t mình khi co th? b?ng nhiên ng?a diên d?i và m?c nh?ng m?n nu?c nh? li ti, ngay c? trên b? ph?n sinh d.?.c.",tinvn.info,Ð?i s?ng 
Nh?ng d?u hi?u nh?n bi?t nhà b?n dang có ma và cách tr? ma qu? trong nhà," D?u hi?u nh?n bi?t nhà có maCác khung gi? 18 gi? chi?u, 24 gi? dêm (0 gi? sáng) và 3 gi? sáng (qu? môn quan) chính là 3 khung gi? mà vong h?n thu?ng xuyên ho?t d?ng m?nh m? nh?t. Khi ?y, thu?ng b?u không khí s? tr? nên l?nh l?o và ghê r?n vô cùng.",tinvn.info,Ð?i s?ng 
"Tu?ng nh?t du?c tr?ng kh?ng long gi?a vu?n, mang vào nhà s? hãi t?t d? khi th?y n? trên tay là…","
 Ðang dào d?t tr?ng cây vô tình ch?m ph?i “qu? tr?ng” kì l?, nhung ngu?i ph? n? dã s? hãi t?t d? khi nhìn th?y…
 Th? gi?i t? nhiên vô cùng r?ng l?n và da d?ng. Nhi?u khi con ngu?i tu?ng r?ng mình dã bi?t h?t m?i th? nhung th?c ch?t là không ph?i nhu v?y.
 Hi?n trên m?t trang m?ng xã h?i dang xôn xao câu chuy?n m?t ngu?i ph? n? vô tình nh?t du?c m?t qu? tr?ng màu nâu kì l?. Theo nh?ng gì mà cu dân m?ng tìm hi?u du?c, khi ngu?i ph? n? này dang ? ngoài vu?n và vô tình nhìn th?y m?t v?t th? có hình gi?ng qu? tr?ng nhung kích thu?c thì to hon. Hon n?a màu s?c c?a “qu? tr?ng” kì l? này cung vô cùng d?c bi?t. Ban d?u ngu?i ph? n? tu?ng mình nh?t du?c tr?ng c?a m?t loài d?ng v?t d? tr?ng nào dó.
",tinvn.info,Ð?i s?ng 
"C? tu?ng dào du?c tr?ng kh?ng long, ngu?i dàn ông tách dôi m?i câm nín vì bên trong th?c ra là…","
 Không ai có th? ng? du?c r?ng bên trong nh?ng qu? tr?ng kh?ng long này l?i là th? kinh d? d?n v?y!
 M?t ngu?i nông dân Trung Qu?c khi lên r?ng tìm nh?ng cây thu?c quý dã vô tình dào d?t và phát hi?n ra m?t cái hang.
 Bên trong hang là nh?ng v?t th? hình tròn
 ",tinvn.info,Ð?i s?ng 
"Ðêm nào cung nghe l?c d?c du?i g?m giu?ng, s? hãi l?t t?m ph?n phát hi?n bí m?t kinh hoàng"," Th?y g?m giu?ng có nh?ng ti?ng l?c d?c kì l?, ngu?i dàn ông l?t t?m ph?n lên và nhìn th?y di?u kinh d?.
 Th?i gian g?n dây, c?ng d?ng m?ng xôn xao v? m?t vài b?c ?nh du?c m?t ngu?i dàn ông ch?p l?i. Nh?ng hình ?nh dó du?c ch?p t? trong chính ngôi nhà c?a ngu?i dàn ông này. T? lúc b?c ?nh này du?c dua lên, dã có r?t nhi?u lu?t bình lu?n.",tinvn.info,Ð?i s?ng 
"Th?y v? máu me n?m b?t d?ng trên sàn, tu?ng con gái “xu?ng tay” h? sát, lao vào phát hi?n s? th?t kinh hoàng"," M? c?a bu?c vào nhà, th?y v? d?u d?m dìa máu, n?m im b?t d?ng. Khi li?c nhìn sang bên c?nh ngu?i dàn ông câm nín khi trông th?y hung th? th?c s?.
 G?n dây, trên m?ng xã h?i xôn xao v? m?t b?c ?nh ch?p c?nh m?t ngu?i ph? n? l?n tu?i n?m b?t d?ng xung quanh d?u b? nh?ng ch?t l?ng màu d? bao quanh. Ngay khi xu?t hi?n trên m?ng xã h?i, b?c ?nh này dã t?o ra m?t làn sóng d? d?i. M?t s? cu dân m?ng cho r?ng ngu?i ph? n? này dã b? sát h?i vô cùng dã man.
 B?c ?nh dã gây xôn xao c?ng d?ng m?ng trong m?t th?i gian",tinvn.info,Ð?i s?ng 
R?ch d?u r?n m?c l?n nh?n dá dam là c?nh tu?ng kinh hoàng không ai mu?n ch?ng ki?n quá 5 giây," Nh?ng hình ?nh du?i dây tuy?t d?i không dành cho ngu?i y?u tim!
 M?t ngu?i dàn ông Thái Lan dã phát hi?n ra m?t con r?n có hình thù vô cùng k? d? trong khi leo núi dã ngo?i. Tho?t nhìn, d?u con r?n có v? nhu m?c r?t nhi?u “dá dam” che khu?t c? m?t và mi?ng c?a nó.",tinvn.info,Ð?i s?ng 
Tím m?t bóp b?ng tran kh?ng qu?n qu?i trên sàn “bom” ra th? kinh d? ám ?nh c? gia dình," M?t con tran có tên Samson, dã du?c phát hi?n trong tình tr?ng có nh?ng bi?u hi?n vô cùng kì l?. Ngay sau dó, các bác si dã nhanh chóng ki?m tra di?m b?t thu?ng n?i c?c lên t? b?ng khi?n nó dau d?n và nhu ng?t th?. Ði?u kinh ng?c là khi l?y v?t m?c k?t bên trong ch? vì nguyên nhân không ng?",tinvn.info,Ð?i s?ng 
"N?u th?y th? này thò lên ngoài vu?n nhà, d?ng ch?m vào mà hãy ch?y nhanh khi còn có th?"," Trên d?i này, có quá nhi?u câu chuy?n k? l? và nh?ng loài sinh v?t nhìn mu?n “thót tim” mà chúng ta chua h? bi?t d?n.
 Trên th? gi?i có muôn vàn loài d?ng th?c v?t có ngo?i hình k? l?, th?m chí là kinh d?. Tuy nhiên, dù t?ng nhìn qua nhi?u loài sinh v?t dáng s?, ch?c ch?n có ngu?i s? phát ho?ng khi th?y loài th?c v?t trông gi?ng nhu m?t bàn tay quái thai máu me bê b?t. Nhung d?ng v?i ho?ng s?, b?i th?c t? dây ch? là m?t loài n?m, có tên g?i là n?m ngón tay qu? (Clathrus archeri).",tinvn.info,Ð?i s?ng 
"V?a r?i giu?ng b?nh chua bao lâu, ai n?y ch?t ng?t khi b?t g?p Tr?n Son dang làm vi?c kinh d? này","Ngay trên xe bus, bên c?nh m?t cô gái tr?; d?i gia Tr?n Son không ng?i ng?n móc th? này ra kh?i qu?n.Ð?i gia Tr?n Son, hi?n dang sinh s?ng và làm vi?c t?i Ðài Loan (Trung Qu?c). Ngu?i v?n n?i ti?ng b?i khuôn m?t x?u xí nhung l?i có kh?i tài s?n l?n, siêu xe và thu?ng xuyên c?p kè v?i các hot girl chân dài miên man. ",tinvn.info,Ð?i s?ng 
"Khi?p s? v?i chi?c mui bi?n d?ng kinh d?, ngu?i dàn ông khi?n c? phòng ph?u thu?t ám ?nh khi v?a ch?m kéo là c?nh tu?ng…"," Sau nhi?u nam b? dè b?u vì chi?c mui “kh?ng” kinh d?, ngu?i dàn ông khi?n nhi?u ngu?i ph?i s?ng s?t sau khi ph?u thu?t xong.
 Tibor, 52 tu?i m?t ngu?i dàn ông Slovakia, v?i chi?c mui “kh?ng” có th? là to nh?t th? gi?i khi?n nhi?u ngu?i nhìn th?y không kh?i kinh hãi. Chi?c mui c?a ông bi?n d?ng và n?i to b?t thu?ng su?t nhi?u nam, làm cho cu?c s?ng, công vi?c g?p nhi?u khó khan.",tinvn.info,Ð?i s?ng 
"Vén qu?n th?y giun bò lúc nhúc trong b?p chân, t?i b?nh vi?n m?i ói m?a khi bi?t s? th?t bên trong"," C? ng? gân xanh n?i lên kh?p b?p chân, nhung không ng? th? dây dua dài ngo?ng d?c khoét bên trong m?i khi?n nhi?u ngu?i ng?t l?m khi bi?t du?c s? th?t.
 M?t ngu?i dàn ông 50, Trung Qu?c dang tr?i qua nh?ng tháng ngày vô cùng ?m d?m và ám ?nh, khi c? 2 chân c?a ông trong tình tr?ng d?c khoét bên trong vô cùng s? hãi. M?c dù l?p da ngoài chua có bi?t d?i, nhung nh?ng v?t s?n sùi, n?i c?c nhu n?m, bên trong dó l?i là noi kí sinh và làm “t?” c?a loài kí sinh trùng vô cung dáng s? này.
 Các tinh m?ch ? chân n?i c?c, không ph?i là gân n?a",tinvn.info,Ð?i s?ng 
"Ðêm nào cung th?y v? bi?n m?t, d?t camera ?n ch?ng phát hi?n hành d?ng quá kinh hoàng"," Hành d?ng kinh kh?ng này c?a ngu?i v? dã khi?n ông ch?ng ph?i c?m th?y ?n l?nh khi t?n m?t ch?ng ki?n qua camera.
 Camera là m?t trong nh?ng công c? giám sát thu?n l?i nh?t cho nhà c?a ho?c noi làm vi?c, noi s?n xu?t c?a b?n.
 M?t ông ch?ng dã cung dã th?c hi?n l?p camera trong can phòng ng? c?a mình v?a d? ti?n quan sát d?a con m?i sinh c?a mình, v?a nh?m m?c dích d? phòng n?u có k? tr?m xâm nh?p. M?c dù chua có tên tr?m nào l?n vào nhà, nhung ngu?i dàn ông này l?i du?c m?t phen r?n tóc gáy khi phát hi?n ra hành d?ng vô cùng dáng s? này c?a v? mình.
",tinvn.info,Ð?i s?ng 
"Thích d?ng háng check-in cho thoáng, thi?u n? khi?n b?n bè d?ng hình khi th?y th? kinh d? lòi ra"," Du?i dây là nh?ng hình ?nh hot nh?t du?c dân m?ng chia s? trong ngày qua, m?i các b?n cùng chúng tôi di?m l?i nhé!
 Không bi?t vô tình hay c? ý mà cô nàng l?i d? “di v?t” l? l? ? vùng nh?y c?m nhu th?, dúng là ai n?y cung ph?i mu?i m?t",tinvn.info,Ð?i s?ng 
"Nh?n xam “ch? kín” cho thi?u n?, tái m?t vì th?y di?u kinh d? khi?n anh th? mu?n h?c máu m?m"," Th? m?i nói, nh?ng chàng th? xam là nh?ng ngu?i “c?ng vía” d?n nhu?ng nào.
 C? tò mò mãi sao cô gái này n?ng n?c dòi vào ch? nào kín dáo m?i ch?u xam, thanh niên ch? bi?t nín l?ng mà h?c máu khi v?a vào phòng dã th?y c?nh tu?ng kinh d? là nàng h?n nhiên… l?t h?t d? ra r?i yêu c?u xam vào noi “nh?y c?m” d?n v?y.",tinvn.info,Ð?i s?ng 
"Nghi?n xam mình, thi?u n? khóc ng?t khi nhìn th?y cánh tay mình sau vài ngày di xóa","Nhìn nh?ng hình ?nh rùng mình này, có ai còn can d?m di xam mình n?a không?
 Xam mình th?i nay càng tr? nên ph? bi?n hon tru?c r?t nhi?u. Không ch? d? th? hi?n cá tính, nhi?u ngu?i còn tìm t?i nó nhu 1 cách d? luu gi? k? ni?m trên thân th?.",tinvn.info,Ð?i s?ng 
"M? già báo m?ng “nó an h?t r?i”, con cháu c?i m? sau 3 nam khóc ng?t khi th?y c?nh này"," C?i m? 3 nam cho m? già, dám con cháu khóc thét, b? ch?y g?n h?t khi quan tài v?a hé trên m?t d?t dã th?y ti?ng d?ng r?m r?m bên trong.",tinvn.info,Ð?i s?ng 
"H?n hò ngu?i thuong noi sân tru?ng, nam sinh khóc thét c?m dép b? ch?y khi th?y th? này lòi ra t? vòng 3 thi?u n?"," “Ngu?i ?y” chua k?p quay m?t l?i chàng trai dã ch?y xa c? cây s? ch? vì th? nh?y c?m ch?t ng?t l? ra sau l?p áo dài.
 Vô tu ng?i gi?a sân tru?ng, n? sinh không h? hay bi?t vòng 3 d?y d?n c?a mình dã “ph?n ch?”.",tinvn.info,Ð?i s?ng 
"Võ su 60 tu?i, tay không dánh b?i hàng tram giang h? Sài Gòn"," Võ su Sáu Tr? cùng 5 ngu?i con t? xung h?u d?t 3 dêm ròng ch?ng l?i hàng tram giang h? qu?n 4 dã tr? thành giai tho?i trong gi?i võ h?c Vi?t.
Võ su Sáu Tr? tên th?t là Ngô Van Tr?, sinh nam 1936, ngu?i g?c Sài Gòn. Ông sinh ra trong m?t gia dình b? th?, có truy?n th?ng v? võ h?c. Do yêu thích võ thu?t, nên t? nh? Sáu Tr? dã du?c cha mình cho di th? giáo r?t nhi?u cao th? ? các môn phái khác. Khi l?n lên, nghe danh th?y Chín Hóa (tên th?t là Bùi Van Hóa), sáng t? c?a môn phái Thi?u Lâm t? – N?i quy?n – Tây Son Nh?n t?i Vi?t Nam ki?n th?c võ h?c hon ngu?i, là m?t trong ba ngu?i n?i danh dánh h? nên ông dã tìm d?n t?m su h?c võ.",tinvn.info,Ð?i s?ng 
B?n r?n chân tay khi l? ch?m tay vào hàng tri?u chi?c rang m?c chi chít trên da th?t ngu?i dàn ông,"Ch? c?n nhìn nh?ng hình ?nh này thôi, ngu?i can d?m nh?t cung ph?i khi?p vía vì d? kinh d? và dáng s? c?a nó. Nói tru?c r?ng nh?ng ai s? l?, s? ch?m li ti thì d?ng xem k?o không dám ch?m vào b?t c? th? gì.",tinvn.info,Ð?i s?ng 
"Liên t?c du?c con trai báo m?ng, bà m? kinh hãi khi nhìn th?y c?nh tu?ng khi tham m? con"," Vì m?i choi dùa mà c?u bé 5 tu?i vô tình roi xu?ng c?ng g?n nhà và thi?t m?ng khi?n ai cung ph?i dau xót. N?n nhân là m?t c?u bé 5 tu?i không may thi?t m?ng vì roi xu?ng c?ng rãnh thoát nu?c tru?c nhà gây xôn xao du lu?n Trung Qu?c. Ðu?c bi?t, mi?ng c?ng thoát nu?c này không du?c d?y n?p sau d?n 1,5m và ch?a d?y nu?c th?i. Vài gi? sau khi c?u bé g?p n?n ngu?i nhà m?i phát hi?n ra thi th? c?u bé",tinvn.info,Ð?i s?ng 
"Ai cung cham chú tu?ng bi?n s? xe có di?u gì kh?ng khi?p, s?c n?ng khi bi?t s? th?t l?i là…"," Hãy cùng chúng tôi di?m l?i nh?ng hình ?nh du?c c?ng d?ng m?ng chú ý và chia s? nhi?u nh?t trong tu?n qua nhé!
 Truy lùng hot girl xinh d?p d?ng cãi nhau tay dôi khi b? b?c xe, ai n?y d? b?ng m?t khi nhìn vòng 1 c?a cô nàng
 V?a cúi xu?ng thôi c?nh xuân li?n d?p vào m?t, huhu. Các anh em di du?ng chú ý c?n th?n không l?i gây tai n?n dó nhé!
 Dù có dang d?i chi?n game th? thì cung c?n ph?i b?o v? mình cái dã. Mua gió th? này bi?t du?ng nào mà l?n.
 Ph?i cut nhu th? này m?i g?i là ch?t hon c? nu?c c?t nè.",tinvn.info,Ð?i s?ng 
Chuy?n li kì ngu?i ph? n? c?u r?n h? chúa và b?y r?n h? tìm d?n nhà d?…," R?n h? mang (danh pháp khoa h?c: Naja atra) là m?t loài r?n thu?c H? R?n h? (Elapidae). Ðây là loài r?n xu?t hi?n t?i mi?n b?c Vi?t Nam và du?c ngu?i Vi?t quen g?i b?ng tên r?n h? mang. Trong ti?ng Vi?t, danh t? r?n h? mang b?t ngu?n t? hình d?ng c?a loài r?n này. ",tinvn.info,Ð?i s?ng 
"Ch? vài giây d?ng ch? dèn d?, ngu?i dàn ông này dã khi?n c? qu?c gia khóc thét khi tìm th?y di?m rùng r?n l?p ló trong áo","
 Nhi?u ngu?i không dám ra kh?i nhà cung ch? vì s? g?p ph?i nh?ng tru?ng h?p nhu th? này dây.
 R?t nhi?u cu dân m?ng nu?c ngoài nh?ng ngày g?n dây dang b? ch?n d?ng m?nh b?i m?t b?c ?nh du?c ch?p l?i t?i ngã tu. Tho?t d?u, ai cung nghi dó là b?c ?nh bình thu?ng, không có gì n?i b?t nhung khi nhìn t?i l?n 2, ai n?y d?u n?i da gà vì quá s?.
 Tr?i oi, trong v?t áo c?a ngu?i dàn ông di xe máy có th? gì kìa?",tinvn.info,Ð?i s?ng 
Ngu?i cha thú tính mang b?nh HIV v?n c.u?ng h.i?p con gái," Dù mang trong mình can b?nh HIV, y v?n n?i máu dê và dòi làm “chuy?n ngu?i l?n” v?i chính con gái m?i 9 tu?i c?a mình.
 Cha nghi?n n?ng và dã mang trong mình can b?nh th? k? HIV, m? b? di theo ngu?i dàn ông khác, bé N. v? v?t s?ng nuong nh? vào ông bà n?i. Sinh ra và l?n lên trong môi tru?ng giáo d?c không lành m?nh, c?ng v?i s? th? o c?a ngu?i thân khi?n cô bé 9 tu?i d?n dày và chai s?n t?i b?t ng?.",tinvn.info,Ð?i s?ng 
"Ch?a h?t b?nh câm cho v?, ngu?i ch?ng cay d?ng nhìn v? ra di tìm cu?c s?ng m?i vì lý do tu?ng ch? có trong phim", Tháng 10/ 2016 c?p dôi Tr?n Thanh H?i – Phuong Nhi gây chú ý v?i chuy?n tình c?m d?ng khi mà H?i dã ph?i qua vô s? áp l?c d? có du?c h?nh phúc v?i ngu?i v? b? câm. Theo nh?ng gì chàng trai này chia s? v?i báo chí thì khi gia dình bi?t H?i quen bi?t m?t cô gái b? câm dã không h? d?ng ý nhung anh dã quy?t tâm thuy?t ph?c b? m? d? du?c d?n v?i Phuong Nhi.,tinvn.info,Ð?i s?ng 
YÊU RÂU XANH (P51): Câu chuy?n d?ng tr?i sau t?m ri dô m?ng," T? câu chuy?n sau t?m ri dô. Gia dình bà H thu?c di?n nghèo khó ? TP. H?i Phòng. V? ch?ng bà H có t?i 8 ngu?i con (6 gái, 2 trai). Ngu?i con trai c? không may b? b?nh m?t s?m nên ch? còn l?i Bùi Ng?c Th?ng (34 tu?i) nhung Th?ng l?i ch?ng lo làm an, ch? cham c? b?c ru?u chè. Ch?ng ch?u n?i ngu?i ch?ng nhu v?y, v? th?ng dã ly d? r?i dua con gái v? nhà ngo?i ? Phú Th?. Sau dó, Th?ng l?i lên xin dón con v? ? cùng.",www.vietgiaitri.com/,Ð?i s?ng 
"Ðang suy s?p vì n? n?n, v? ch?ng tôi b?ng nh?n du?c giúp d? t? ngu?i l?","V? ch?ng tôi kinh doanh d?ch v? homestay du l?ch. Công vi?c dang ti?n tri?n t?t, chúng tôi vay mu?n ngân hàng xây thêm m?t can n?a thì d?ch bùng phát. Không có khách, bao nhiêu ti?n v?n b? d?n h?t vào can homestay dang xây d?ng khi?n v? ch?ng tôi kh?n d?n. Sau n?a nam c? g?ng c?m c?, ch?ng bàn b?c v?i tôi chuy?n bán tháo can homestay cu d? tr? n? ngân hàng. Nhung vì ph?i bán l? nên chúng tôi c? ch?n ch? mãi vì ti?c. Ð?n khi ti?n lãi và g?c dã vu?t quá kh? nang tr? n?, chúng tôi m?i cu?ng cu?ng lên.",afamily.vn,Ð?i s?ng 
5 n?t ru?i may m?n trên co th? b?n không bao gi? du?c xóa b? dó chính là phúc khí du?c vun d?p t? 'hàng nghìn nam nay',"Nh?ng ngu?i có n?t ru?i may m?n ? v? trí này nhìn chung thích h?p v?i chính tr? hon, d?c bi?t là ?ng c? trong quân d?i. Ngu?i có n?t ru?i ? tóc sau gáy ch?ng t? h? là ngu?i có tính cách ngông cu?ng, có tài làm tu?ng, c? d?i làm quan trong tri?u. ",ngoisao.vn,Y t? 
Làm d?p b?ng tr?ng gà lu?c giúp tr? m?n tr?ng cá,"Phuong pháp làm d?p da b?ng tr?ng gà không còn xa l? v?i các ch? em, nhung có l? ít ai bi?t làm d?p da b?ng tr?ng gà lu?c còn có nhi?u công d?ng d?c bi?t hon. Cùng tìm hi?u ngay trong bài vi?t du?i dây b?n nhé.",chuthapdo.org,Y t? 
Lan tr?ng gà lu?c,"Không ch? là th?c ph?m thom ngon giàu dinh du?ng, tr?ng gà còn có công dung tuy?t v?i trong du?ng da làm d?p. Nhi?u ch? em thuong r? tai nhau bí kíp dùng tr?ng gà lu?c lan trên da m?t d? làm nhan s?c tr? nên r?ng r? hon.",blog.shopbanmypham.vn,Y t? 
4 món an th?n thánh giúp ng?c cang m?y quy?n ru,"C?u t?o ng?c hoàn toàn là các mô m?. Do v?y khi b?n k?t h?p các lo?i nguyên li?u nhu m?t ong, tr?ng gà và s?a d?c trong m?t món an s? cung c?p protein, ch?t béo cho các mô m? hình thành ? ng?c và giúp ng?c s? to d?n lên.",shoptretho.com.vn,Y t? 
Nghiên c?u: Tóc b?c có th? den tr? l?i,"Tóc b?c là m?t trong nh?ng d?u hi?u lão hóa. Khi bu?c vào d? tu?i 30, tóc b?t d?u ng? màu theo th?i gian. Ngu?i ta thu?ng cho r?ng m?t khi s?i tóc dã chuy?n b?c thì s? không th? den tr? l?i, nhung m?t nhóm nghiên c?u t? Ð?i h?c Columbia ? New York l?i cho r?ng di?u này có th? không dúng.",trithucvn.org,Y t? 
Tu?i già s? th?t may m?n n?u có du?c 3 “lá bùa h? m?nh” này ,"Lúc còn tr? làm vi?c v?t v?, tr?i qua nhi?u thang tr?m và khó khan, r?i nháy m?t m?t cái thì tu?i già d?n. Nhung không ph?i ai cung có du?c m?t tu?i già an nhàn, s? xu?t hi?n nhi?u v?n d? khi?n b?n thân b?t an và lo âu. ",trithucvn.org,Ð?i s?ng 
Trí tu? c? nhân: Vuong tri?u di?t vong ?ng v?i thiên tu?ng d? thu?ng,"C? nhân cho r?ng gi?a Tr?i và ngu?i là có th? c?m ?ng, tác d?ng qua l?i l?n nhau, chính là “Thiên nhân c?m ?ng”, “Thiên nhân h?p nh?t”. D?a vào lo?i c?m ?ng này, ngu?i xua có th? thông qua s? bi?n hóa c?a thiên tu?ng mà doán bi?t tru?c du?c nhân gian s?p g?p ph?i chuy?n gì. Ð?c bi?t, trong các ghi chép l?ch s?, m?i vuong tri?u di?t vong d?u có thiên tu?ng d? thu?ng báo tru?c.",trithucvn.org,Ð?i s?ng 
"Ngày nào cung nhìn sang ban công nhà hàng xóm, c? ông U90 vô tình phát hi?n di?u b?t thu?ng","M?i dây, thông tin m?t c? ông vô tình c?u m?ng hàng xóm nh? phát hi?n ra m?t chi ti?t d?c bi?t ? ban công dã thu hút vô s? s? chú ý c?a du lu?n. Ðu?c bi?t, s? vi?c x?y ra t?i Quzhou, Chi?t Giang, Trung Qu?c .",24h.com.vn,Ð?i s?ng 
Cái k?t d?ng lòng c?a cô gái chê chàng trai nghèo,"M?t chàng trai nghèo dã ph?i lòng con gái c?a m?t gia dình giàu có. V?i t?t c? trái tim yêu thuong, chàng trai dã c?u hôn cô mà không m?y may nghi t?i s? khác bi?t gi?a hai ngu?i.",danviet.vn,Ð?i s?ng 
Bi k?ch yêu ph?i ngu?i con gái ph? b?c,"G?n m?t nam l?ng l? dã trôi qua, anh nhu ngu?i m?t trí s?ng trong c?nh d?a ng?c, m?t d?a ng?c mà anh t? bu?c vào d? gi? dây anh không tìm ra l?i gi?i thoát cho mình.",vietnamnet.vn ,Ð?i s?ng 
"Th?y v? n?m ""thoát y"" bên c?nh ông b?n thân, ngu?i ch?ng sôi máu vào chém g?c anh b?n già ","V? không m?c qu?n áo n?m bên c?nh ngu?i dàn ông khác, ch?ng h? t? x? và nh?n cái k?t d?ng ",,Ð?i s?ng 
"Bi?t 2 b?n thân chua bi?t mùi dàn bà, thi?u n? t?t b?ng t? nguy?n ... giúp 2 b?n di luôn vào tù ","Cùng nhóm b?n di choi r?i vào nhà ngh?, bé gái d?ng ý cho hai nam thanh niên quan h? tình d?c vào th?i di?m m?i 13 tu?i 10 tháng ",,Ð?i s?ng 
"Ðem di v?t c?a con trai d?t trong l? cúng 49 ngày, b? ch?ng sôi máu vung dao ""ti?n"" con dâu trong ngày gi? con ","Ðem di v?t c?a con trai di d?t trong l? cung 49 ngày, b? ch?ng sôi máu vung dao ""ti?n"" con dâu trong ngày gi? con ",,Ð?i s?ng 
"B? nhà di vì hay b? b? dánh, c?u bé 13 tu?i ph?c v? quý bà 3 ngày m?t l?n d?... d?i bát mì tôm su?t hai nam ","Ð?ng V?n Quân, quê ? Xuân Tru?ng, Nam Ð?nh, 13 tu?i dã b? h?c, ph?n u?t gia dình, d?t lên Hà N?i lang thang ",,Ð?i s?ng 
"Ch? vì mâu thu?n nh?, h? hàng dánh nhau kinh hoàng khi?n hai ngu?i ra di mãi mãi ","Hai gia dình là h? hàng c?a nhau, nhung mâu thu?n v? du?ng dây di?n và h? th?ng d?n nu?c. Sau khi dánh nhau b?ng hung khí, m?i gia dình có m?t ngu?i thi?t m?ng ",,An ninh 
"S?c: Ðang ""b?n pháo bông"" thi?u n? hang say, thanh niên ""tr?n nhu nh?ng"" b? ch?y khi b? phát hi?n ","Khi dang hi?p dâm thi?u n? 17 tu?i, Nam b? ngu?i dân phát hi?n, hô hoán, du?i b?t. Lúc này gã m?i buông n?n nhân ra r?i b? di ",,Ð?i s?ng 
L?nh ngu?i ngu?i m? b? chính con ru?t "dóng g?ch" trong dêm hai nháy ,"Ngu?i m? kh? dau ?y dã n?c lên thành ti?ng khi k? v? cái dêm d?nh m?nh, b? chính d?a con mà mình yêu thuong h?t m?c làm chuy?n d?i b?i ",,Ð?i s?ng 
"Nh?u say, thi?u niên dè ng?a bà lão 86 tu?i hai nháy r?i ng? luôn t?i hi?n tru?ng m?c cho bà kêu c?u ","Sau khi no say chán chê, tên yêu râu xanh này còn vô tu v? nhà dánh m?t gi?c m?c cho n?n nhân th?u thào kêu c?u ",,Ð?i s?ng 
"Yêu th?m ch? dâu, thanh niên dánh thu?c mê: ch? ch? vào khách s?n th? t?m d? tu th? r?i sát h?i dã man ","Yêu th?m ch? dâu, thanh niên dánh thu?c mê: ch? ch? vào khách s?n th? t?m d? tu th? r?i sát h?i dã man ",,Ð?i s?ng 
"Th?a Thiên Hu?: nhà b?c cháy khi b? m? v?ng, cháu bé may m?n thoát thân",V? cháy x?y ra t?i m?t can nhà dân trên d?a bàn thành ph? Hu? khi?n nhi?u d? dùng trong nhà b? thiêu r?i ,,Th?i s? 
Bình Thu?n: C?nh sát yêu c?u cung c?p tài li?u giám d?nh v? trang tr?i heo ,UBND t?nh Bình Thu?n dã xu?t chi hon 1 t? d?ng d? c?p b? sung cho Công an t?nh th?c hi?n giám d?nh tài s?n trang tr?i chan nuôi heo này ,,An ninh 
X??ót?? x??a?? m??? “n??úp??” t??r??o??n??g?? t??? q??u??a??y?? l???i?? c???n??h?? c??h??a?? d??u???n??g?? “n??h??ún?? n??h???y??” c??o??n?? m??ìn??h?? n??h??i???u?? l???n?? d??? t??? c??áo??,"N???u???? m?? b????t? ?????? b?? ??u?????? b???? ??h?u????? l???? k?h?ô????? ??ám? l?ê??? t????????, ??h??? d???? k?h??? ??ã ??h??? ??u?????? d?ã t?h???? h?????? h?à??h? ???? ??à?? ??h?????? l????.",,An ninh 
"“Ma men” d?n l?i , “yêu râu xanh” vào ?h?`?? “t?c váy” em gái c?a b?n r?i b? di và cái k?t","Trong hoi men, nam thanh niên dã n?i con d?c v?ng mu?n hãm h?i thi?u n? 16 tu?i.",,An ninh 
"“Q?u?ý b?à” c??u? k??t? v??i? “p?h?i? c?ô?n?g? t?r??” t?i??n? c?h??n?g? v?? t?r??i?, d?? n?g?o??i? t?ìn?h? c?ô?n?g? k?h?a?i? k?h?ô?n?g? a?i? l?àm? p?h?i??n?","Ð???n??g?? V??a??n?? T??h??? v??à v??? a??n??h?? L??ý V??a??n?? T??r??u??n??g?? c??ó q??u??a??n?? h??? t??ìn??h?? ái?? v???i?? n??h??a??u??, n?????n?? h??a??i?? n??g??u???i?? d??ã c??â??u?? k???t?? t??ìm?? c??ác??h?? g??i??.?t?? T??r??u??n??g?? d??? t??h????a?? m??ãn?? ý d??? n??g??o???i?? t??ìn??h?? c???a?? 2 n??g??u???i??.",,An ninh 
"G?ã t?r?a?i? d??p? “g?? t?ìn?h?” c?ùn?g? l?úc? 7 n?g?u??i? d?àn? b?à “h??i? x?u?â?n?”, l??a? t?i??n? t?? c?òn? k?h?i??n? 3 n?g?u??i? d?ín?h? b??u?",G??ã d??àn?? ô??n??g?? c??a??o?? t??a??y?? ‘d??i?? l???i??’ c??ùn??g?? l??úc?? v???i?? 7 n??g??u???i?? d??àn?? b??à d??a??n??g?? c??ô?? d??o??n??,,Ð?i s?ng 
"H?i Phòng: Xúc d?ng khi B? con ngu?i dàn ông “n?ng 28kg” có “nhà m?i”, cu?c s?ng sang trang","A?n?h? ??à v?à ??o?n? t?r?a??? ??ã ??u????? ? t?r?o?n?g? ??a?n? n?h?à ?m? ??ún?g?, v??n?g? ??h???? n?h?? s?? g???ú?? ??? ???a? b??n? ?????? ??â?n? t?r?í v?à ??á?? t?? ??h???? t?u?` t?h????n?, n?h?à h??o? t?â?m? ??h???? b??n? ??h?u??o??n?g?.",,Ð?i s?ng 
Ðà N?ng: X? ph?t tài x? ch?n du?ng doàn xe uu tiên su?t do?n dài  ,"T?r?o?n?g? l?úc? d?i? c?h?u?y??n? t?r???n? d?u??n?g? T?r?u??n?g? S?o?n? (Q?L?14B?, d?o??n? q?u?a? t?r?u?n?g? t?????m? T?P?.Ð?à N??n?g?), t?ài? x?? x?e? d??u? k?éo? d?ã p?h??t? l?? h?i??u? l??n?h? v?à n?h??c? n?h?? c??a? l??c? l?u??n?g? c??n?h? s??t? g?i?a?o? t?h?ô?n?g?, c?h??n? d??u? d?o?àn? x?e? u?u? t?i???n? s?u??t? d?o??n? d?u??n?g? d?ài?.",,Giao thông 
Kinh hoàng tài x? phê ma túy lái xe 200 km/h ch?y tông vào vách núi ,"6 ngu?i ch?t, 39 ngu?i b? thuong trong v? tai n?n xe ch? khách trên du?ng cao t?c Suhua ",,Giao thông 
"Ði ch?a ""can"", cô gái 21 tu?i b? yêu râu xanh d?i l?t th?y cúng ""truy?n d?ch"" quá li?u d?n d?n sình b?ng ","L?i?ê?n? q?u?a?n? d??n? v?? v?i??c? t?h??y? c?ún?g? c?h??a? ‘c?a?n?’ k?h?i??n? c?ô? g?ái? 21 t?u??i? m?a?n?g? t?h?a?i?, C?ô?n?g? a?n? H?.T?h?a?n?g? B?ìn?h? (Q?u??n?g? N?a?m?) c?h?o? b?i??t? v?? c??a? b?? c?a?n? L?i?ê?n? v?à m?? c??a? n??n? n?h?â?n? c?ó q?u?a?n? h?? b?à c?o?n? v??i? n?h?a?u?",,An ninh 
8 h?c sinh ch?t du?i nu?c khi di tham quan ? bi?n ,"9 em h?c sinh THCS r? nhau ra bãi cát sông Ðà (Hòa Bình) choi, 8 em b? du?i nu?c. Hi?n thi th? các em dã du?c dua lên b? và dang bàn giao cho ngu?i thân",,Th?i s? 
G?ã b??o? v?? “d?i?ê?n?”c?h?u?y?ê?n?”s?o?i?” n?h?à v?? s?i?n?h? d?? s?à.m? s?.? n?h?i??u? h??c? s?i?n?h? n?? k?h?i??n? n?h?i??u? n?g?u??i? d??y? s?ón?g?,"“N?h?i??u? p?h?? h?u?y?n?h? k?h?ô?n?g? k?h??i? p?h??n? n?? k?h?i? n?h??n? t?i?n? g?ã b??o? v?? “d?i?ê?n?” d?? t?r?ò d??i? b??i? n?g?a?y? t?r?o?n?g? m?ô?i? t?r?u??n?g? ‘h??c? d?u??n?g?’ d?i??u? d?án?g? l?ê?n? án? h?o?n?, ô?n?g? c?h?u?y?ê?n? ‘s?o?i?’ t?r??m? n?h?à v?? s?i?n?h? d?? s?àm? s?? n?h?i??u? h??c? s?i?n?h? n??. T?h?e?o? t?h?ô?n?g? t?i?n? t?? c?o? q?u?a?n? c?h??c? n?a?n?g?, n?g?h?i? p?h??m? d?ã b?? b??t? g?i?? v?à t?i??n? h?àn?h? d?i??u? t?r?a? t?h?e?o? q?u?y? d??n?h? c??a? p?h?áp? l?u??t?..”",,An inh 
"T?â?y? N?i?n?h?: B??t? n?h?óm? m?a?n?g? m?ã t??u? d?i? t?h?u? t?i??n? b??o? k?ê?, c?u??n?g? d?o??t? t?ài? s??n?","B?a?n?g? n?h?óm? c??a? T?r??n? H??u? L?àn?h? m?a?n?g? d?.a?.o? t?? c?h??, m?ã t??u? d??n? c?ác? q?u?án? c?à p?h?ê? t?h?u??c? t?h?? x?ã H?òa? T?h?àn?h? v?à D?u?o?n?g? M?i?n?h? C?h?â?u? (T?â?y? N?i?n?h?) d??p? p?h?á t?ài? s??n?, d?e? d??a? c?u??n?g? d?o??t? t?ài? s??n? c?h?? q?u?án? v?à y?ê?u? c??u? n??p? t?i??n? b??o? k?ê? 500.000 d??n?g?/n?g?ày?.",,An ninh 
Thanh niên dè ng?a cô hàng xóm làm 7 hi?p d?n ná th? sau khi hít keo con chó ,"Sau khi hít keo con chó, Son l?n vào nhà ch? T.  sau dó kh?ng ch? ngu?i ph? n? này d? th?c hi?n hành vi hi?p dâm. ",,An ninh 
"""Yêu"" cùng lúc 4 anh d?n ""nh?p vi?n"", thi?u n? nhanh trí nh? công an tìm b? c?a con mình ","Cùng quan h? v?i b?n gái m?i 15 tu?i quen trên Facebook v?a b? nhà di t?i nhà ngh?, 4 thanh niên tu?i dôi muoi dã b? b?t kh?n c?p v? hành vi giao c?u v?i tr? em ",,An ninh 
"Ð???i? c?a? “H?a?i? L?u??n?g?”, k?? c???m? d???u? v?? n??? s?ú?n?g? h??n? c?h?i???n? k?i?n?h? h?o?à?n?g? ?? mi?n Tây b??? t?óm?","Võ? Van? L?u?on?g? (t???c? H?a?i? L?u??n?g?, 35 t?u???i?), d???i? t?u??n?g? c???m? d???u? b?an?g? n?h?óm? v?à? Ð?o?à?n? T?h?i?ê?n? L?o?n?g? (21 t?u???i?), n?g?h?i? c?a?n? t?r??c? t?i???p? n??? s?ú?n?g? c?ùn?g? 6 d??n?g? b??n? k?h?á?c? t?r?o?n?g? v?? h??n? c?h?i???n? k?h?i???n? 6 n?g?u???i? t?h?u?on?g? v?o?n?g? ?? P?h?ú? Q?u???c? d?ã? b??? b???t?.",,An ninh 
"Gi?a?n?g? h?? d???t? B???c? d??? b??? v?à?o? m?i???n? T?â?y? c?h?o? v?a?y? n???n?g? l?ã?i?, x?i???t? n?? t?h?e?o? k?i???u? x?ã? h???i? d?e?n?","9 t?h?a?n?h? n?i?ê?n? t?h?u???c? h?a?i? b?an?g? n?h?óm? t?? H???i? P?h?òn?g? v?à?o? An? Gi?a?n?g? c?h?o? v?a?y? n???n?g? l?ã?i?, t??? c?h???c? s?i???t? n?? k?i???u? x?ã? h???i? d?e?n?.",,An ninh 
N? sinh m?t mình cân 6 thanh niên su?t dêm trong nhà ngh? ,"Thông qua m?ng xã h?i Facebook và b?n bè bé gái 13 tu?i dã quen bi?t v?i nhóm thanh niên 6 ngu?i ? L?ng Son. Sau dó, cô bé dã l?n lu?t ch? d?ng giao c?u v?i c? 6 ngu?i thanh niên. Cá bi?t, cô bé này dã ch? d?ng giao c?u li?n v?i 3 thanh niên trong cùng m?t th?i di?m. ",,Ð?i s?ng 
"Chân dung yêu râu xanh nh?n tâm sát h?i thi?u ph?, trong con thú tính r?i gi? v? vô can di báo án ","Chua d?ng l?i con diên cu?ng c?a m?t yêu râu xanh, trong con thú tính, Th? nh?n tâm sát h?i thi?u ph? r?i sau dó gi? v?  vô can di báo công an ",,Ð?i s?ng 
"S?c: Hai n? sinh l?p 7 dùng chung b?n trai khi?n ngu?i mang thai, ngu?i m?c b?nh sùi mào gà ","Hai n? sinh l?p 7 dùng chung b?n trai khi?n ngu?i mang thai, ngu?i m?c sùi mào gà ",,Ð?i s?ng 
"Ðòi quan h? nhi?u l?n mà không có quà, n? sinh l?p 12 ti?n luôn b?n trai lên bàn th? trong nhà ngh? ","Sau nhi?u l?n h?a t?ng quà, cho ti?n ân ái nhung không th?c hi?n, Phùng Th? Thanh dã dùng dao dâm ch?t anh Lê H?i Ð ",,Ð?i s?ng 
Qu?ng Nam: Xe máy tông trúng con bó dang qua du?ng m?t ngu?i t? vong ,"Theo dó, chi?u nay, anh K, cán b? d?i qu?n lí th? tru?ng huy?n Ð?ng Giang luu thông d?n do?n xã Ð?i Phong, huy?n Ð?i L?c, t?nh Quan Nam thì tông vào m?t con bò dang bang qua du?ng. ",,Giao thông 
Chuy?n v? c?u bé 9 tu?i di 20 km lu?m ve chai m?i ngày khi?n CÐM rung rung xúc d?ng ,"Không ph?i ai sinh ra cung du?c s?ng trong m?t gia dình d?y d? h?nh phúc. Có r?t nhi?u em nh? ngay t? khi còn r?t bé dã làm vi?c ki?m ?ng, cung không có m?t gia dình d?y d? c? cha l?n m?. ",,Ð?i s?ng 
H?i Phòng: Xem xét gi?m 50% phí h? t?ng c?ng bi?n d?i v?i hàng hóa v?n chuy?n b?ng du?ng th?y n?i d?a ,"HÐND TP H?i Phòng dang l?y ý ki?n nhân dân v? vi?c mi?n, gi?m phí s? d?ng công trình k?t c?u h? t?ng, công trình d?ch v?, ti?n ích công c?ng trong khu v?c c?a kh?u c?ng bi?n H?i Phòng ",,Giao thông 
Vay ti?n mua xe ô tô nhung không tr? n?i ch? xe bán l?y ti?n tr? n? r?i di tr?m l?i ,"Sau khi vay mu?n ti?n ngân hàng mua xe ô tô nhung không tr? du?c n?, Ph?m Vi?t H?i dã mang xe di bán cho ngu?i khác l?y ti?n tr? ngân hàng r?i tr?m l?i xe mang di c?m c? ",,Ð?i s?ng 
Hy h?u câu chuy?n "Hoán d?i v? ch?ng" d? th? c?m giác l? ? Bình Thu?n và cái k?t bi th?m ,Câu chuy?n "hoán d?i v? ch?ng" c? nghi ch? có ? trong phim nhung dó l?i là chuy?n th?t c?a m?t c?p dôi ? Bình Thu?n khi?n nhi?u ngu?i bàn tán xôn xao,,Ð?i s?ng 
"Mu?n mua Iphone 14 t?ng b?n gái, thanh niên d?p chai bia vào d?u, báo b? cu?p d? g?t ti?n nhà dua mình tr? n? ",Công an huy?n Vi?t Yên dang ti?n hành l?p h? so d?i v?i Ð? Xuân Duong d? x? lí v? hành vi "Báo tin gi? v?i l?c lu?ng công an" ,,An ninh 
"Cô gái b? thanh niên di SH gi?t dây chuy?n, tài x? taxi tung cu?c h? g?c tên cu?p ","B?an d?u tu?ng dôi tình nhân dang cãi nhau, nhung sau dó nghe cô gái hô ""cu?p, cu?p"", tài x? taxi li?n m? c?a và ""tung cu?c"" h? g?c d?i tu?ng. ",,An ninh 
"?m lòng c? bà b?nh t?t du?c dôi v? ch?ng nghèo nh?n v? cuu mang, cham sóc nhu m? ru?t ","Ngu?i ta thu?ng b?o, ngu?i già s? du?c s?ng h?nh phúc, sum v?y bên con cháu. Nhung dâu dó trong cu?c d?i này, v?n có nh?ng c? già không gia dình, còn cái, hàng ngày l?m lui trong s? cô d?c, dói nghèo ",,Ð?i s?ng 
